Source,Target,Area,AreaA,AreaB
20091000020001.0,20101000020001.0,190849.44686762718,0.9999997872574486,0.9999993331723283
20091000020023.0,20101000020023.0,96902.24636021245,0.9999989730893621,0.9999987038129181
