Source,Target,Area
20201000010010.0,20211000010010.0,7550339.148595318
20201000010101.0,20211000010101.0,501897.3148778648
20201000010201.0,20211000010201.0,1148538.5389512056
