Source,Target,Area,AreaA,AreaB
20201000210001.0,20211000210001.0,23307.22911094592,1.0,1.0
20201000210004.0,20211000210004.0,16984.487262099898,1.0,1.0
20201000210006.0,20211000210006.0,15343.103350856873,1.0000000000000002,1.0000000000000002
20201000220013.0,20211000220013.0,48769.160523742954,0.9999999999999999,0.9999999999999999
20201000220017.0,20211000220017.0,10427.565486734484,1.0000000000000002,1.0000000000000002
20201000220020.0,20211000220020.0,22760.59491764836,1.0,1.0
20201000220024.0,20211000220024.0,14214.591831841492,1.0,1.0
20201000220028.0,20211000220028.0,20046.043905045328,1.0,1.0
