Source,Target,Area,AreaA,AreaB
20091000010201.0,20101000010201.0,1148540.8255594678,0.9999998822969747,0.9999998028553371
20091000010010.0,20101000010010.0,7550343.7506307885,0.9999999617450225,0.9999999532033167
20091000010101.0,20101000010101.0,501897.0454463817,0.9999997565266082,0.9999998016501866
